INSERT INTO users VALUES
    (20201111,'1'),
    (20202222,'2'),
    (20203333,'3'),
    (20204444,'4'),
    (20205555,'5'),
    (20206666,'6'),
    (20207777,'7'),
    (20208888,'8'),
    (20209999,'9');

INSERT INTO employee VALUES
    (20201111,'Thanh', '2002-04-01', 1, 1, 1),
    (20202222,'Nam', '2002-04-02', 2, 2, 1),
    (20203333,'Tuan Anh', '2002-04-03', 3, 3, 1),
    (20204444,'The Anh', '2002-04-04', 4, 3, 1),
    (20205555,'Linh', '2002-04-05', 2, 3, 0),
    (20206666,'Huy', '2002-04-06', 2, 3, 1),
    (20207777,'Dat', '2002-04-07', 2, 3, 1),
    (20208888,'Giang', '2002-04-08', 2, 3, 0),
    (20209999,'Tung', '2002-04-09', 2, 3, 1);

INSERT INTO logCC VALUES
    (default, '2020-06-27 09:10:00', '20203333', 0),
    (default, '2020-06-27 09:15:00', '20204444', 0),
    (default, '2020-06-27 09:20:00', '20205555', 0),
    (default, '2020-06-27 09:25:00', '20206666', 0),
    (default, '2020-06-27 09:30:00', '20207777', 0),
    (default, '2020-06-27 09:35:00', '20208888', 0),
    (default, '2020-06-27 09:40:00', '20209999', 0),
    (default, '2020-06-27 12:10:00', '20203333', 1),
    (default, '2020-06-27 12:15:00', '20204444', 1),
    (default, '2020-06-27 12:20:00', '20205555', 1),
    (default, '2020-06-27 12:25:00', '20206666', 1),
    (default, '2020-06-27 12:30:00', '20207777', 1),
    (default, '2020-06-27 12:35:00', '20208888', 1),
    (default, '2020-06-27 12:40:00', '20209999', 1);

INSERT INTO form VALUES
    (1, 20209999, 'true', '2020-06-27 12:45:00', 74);